{
  "project_info": {
    "project_number": "439683047791",
    "project_id": "adote-mude-uma-vida-3ea5f",
    "storage_bucket": "adote-mude-uma-vida-3ea5f.appspot.com"
  },
  "client": [
    {
      "client_info": {
        "mobilesdk_app_id": "1:439683047791:android:51e652083244cd98b0889a",
        "android_client_info": {
          "package_name": "com.adotemais.adotemudeumavidaapp"
        }
      },
      "oauth_client": [
        {
          "client_id": "439683047791-dn70opnqmbijr4tiufo99om14o237bjc.apps.googleusercontent.com",
          "client_type": 1,
          "android_info": {
            "package_name": "com.adotemais.adotemudeumavidaapp",
            "certificate_hash": "6f256efca94e10168541352ec55efed93a89bd96"
          }
        },
        {
          "client_id": "439683047791-66cffu4n84shfjmdkqtrunujidnia342.apps.googleusercontent.com",
          "client_type": 3
        }
      ],
      "api_key": [
        {
          "current_key": "AIzaSyBTTVXqlxrp3i1ZJnHTuSjH8NGIibEjLVw"
        }
      ],
      "services": {
        "appinvite_service": {
          "other_platform_oauth_client": [
            {
              "client_id": "439683047791-66cffu4n84shfjmdkqtrunujidnia342.apps.googleusercontent.com",
              "client_type": 3
            }
          ]
        }
      }
    }
  ],
  "configuration_version": "1"
}